y,x1,x2,x3,m1,m2,m3,m4,m5,m6,m7,m8,m9
1.49550737,-1.270680982,-1.522474622,-0.12578806,-1.270680982,-0.431563023,-0.068313914,-0.170200872,-2.145520273,0.222585065,-0.138241636,0.057963019,-0.208705156
0.428357516,0.942949218,-0.154266528,1.352551009,0.942949218,0.063441616,0.276854363,0.193325299,-0.437510738,-0.203510791,0.029896754,-0.063421993,0.121377217
1.478458381,0.00106225,-0.971327686,1.086392562,0.00106225,-0.194159312,0.197862581,-0.103644643,0.13061291,0.38872069,-0.617331466,0.277779251,0.275283101
1.910068189,-0.483367453,1.239838821,-1.666644481,-0.483367453,0.199631019,-0.313365794,0.087389848,0.809420239,-0.081303465,0.046871541,-0.233870234,-0.464198685
0.971874265,-1.187464513,0.089200152,-1.029463755,-1.187464513,-0.100906421,-0.215983393,-0.445134786,-0.696214009,-0.04520513,0.706983822,-0.48846507,0.339729848
0.803824766,-0.117680704,-0.736016349,-0.59959574,-0.117680704,-0.15897134,-0.135816282,0.344366256,-0.917768676,-0.499127228,0.469982659,-0.404374677,-0.113520922
2.01348718,-1.270469989,0.079588778,-0.286165263,-1.270469989,-0.111129243,-0.068345977,0.024208718,-0.439838237,-0.045804056,1.265707825,0.007121699,0.902576942
1.848295991,-0.009060362,1.029511874,1.447014298,-0.009060362,0.204996339,0.309902494,0.886970811,1.502136377,0.045895205,2.689986529,-0.247085351,0.678145761
0.062283768,0.37558266,0.396509268,1.009418044,0.37558266,0.116860119,0.213569621,0.015771396,0.542720282,-0.016004566,-1.461337104,-0.228084747,-0.112402997
0.546424471,-1.093786425,0.584579457,2.192665695,-1.093786425,0.007537249,0.439286864,-0.794815892,-0.276849498,0.259428099,0.273069468,-0.255884528,0.445654133
2.30290456,-0.003534593,1.082113312,-0.356825841,-0.003534593,0.216069203,-0.049758248,-0.4442089,0.453617659,0.262098447,-0.283396357,0.19857675,0.09422493
0.30221479,1.086459822,-2.792931264,-1.045101676,1.086459822,-0.449940271,-0.254014362,0.223662707,-2.416788644,0.163698262,-0.243392847,-1.049717641,-0.202938268
0.508533758,1.985788094,0.073826969,1.700867096,1.985788094,0.213344203,0.361507839,0.373687005,-2.624502251,0.112377444,-0.775847394,-0.631296864,-0.363480481
1.105934711,-1.026504933,-1.495245156,0.541916733,-1.026504933,-0.401699525,0.068213394,-0.008798449,-0.931962808,-0.112854347,1.035184894,-0.499802561,0.082398221
1.607790206,-1.603424767,-1.501897406,-0.454355577,-1.603424767,-0.460721958,-0.136943311,-0.473337372,-1.697369431,0.101263635,0.933852497,-0.131297453,0.512363891
1.113764731,0.661750125,0.741069352,0.097218236,0.661750125,0.214388883,0.040882535,-0.60963151,-0.238522073,-0.478274068,-0.773305562,-0.01516906,-0.226573108
2.004634404,0.414938171,0.346075226,0.869972944,0.414938171,0.110708862,0.185065475,0.010027093,-0.231724471,0.63349255,0.667757851,0.649530789,1.450114808
1.446879341,-1.218365974,2.475335102,-1.699342774,-1.218365974,0.373230423,-0.302545513,-0.424351603,-0.241798417,0.702650855,-1.414570171,-0.62474339,-0.656302329
1.005212464,1.370045342,1.007429732,-1.853015965,1.370045342,0.338490481,-0.336754145,0.223664846,0.477125995,-0.116867498,-1.535830787,-0.188069137,-0.911128211
1.946950442,-0.731082211,-0.866277201,-0.077100515,-0.731082211,-0.246363661,-0.040056469,0.107733344,-0.436721697,-0.0204728,0.248127995,0.122499092,0.243733157
1.038276012,-1.258795482,-0.422492663,0.802685782,-1.258795482,-0.210378081,0.139499348,0.570588131,-1.004026322,-0.457311019,-0.627141938,-0.47290384,-0.613050883
1.356682902,-0.613679861,-0.437255887,-0.17931868,-0.613679861,-0.148819163,-0.050745652,0.079646124,-0.364326147,-0.23325205,-0.816572344,0.004273114,-0.352290597
1.027833392,0.694077377,-0.456805248,-0.550970109,0.694077377,-0.021953312,-0.112389353,0.388149252,0.199633231,-0.253425669,0.029031998,-0.260543694,-0.496946113
0.744564295,1.580010153,-0.267473156,1.737078478,1.580010153,0.104506384,0.357866334,0.204627291,2.490815979,0.091631161,0.880427981,0.217729723,0.555775361
0.443708503,-1.563163192,-1.27826293,0.392619928,-1.563163192,-0.411968905,0.037327095,-0.447962774,-0.071736916,0.572424028,-0.787638434,-0.252173682,0.554055464
2.398704039,0.150388815,0.00476905,0.466512794,0.150388815,0.015992691,0.094901828,-0.700076012,-0.111088107,0.241483499,0.89120373,-0.085264032,0.255293065
0.16625236,-2.265309034,-0.27763866,0.533025128,-2.265309034,-0.282058635,0.078399162,-0.165162029,-0.060851114,-0.321132998,-1.042782709,-0.260032172,-0.788124575
0.531085434,0.974634137,-1.518822357,-0.365530112,0.974634137,-0.206301058,-0.093736128,0.267821529,-0.787755833,0.111054587,0.138806491,-0.301445448,-0.194277504
0.329192292,0.626932735,-1.201513648,-0.425594652,0.626932735,-0.177609456,-0.102879876,0.561615417,-0.329161365,-0.019016151,-0.38588709,0.222920455,-0.039046707
0.886343327,0.523412237,0.92292875,0.810428307,0.523412237,0.236926974,0.185778359,0.538283116,-1.044654383,-0.405986231,-1.393442133,0.052273198,-0.754010324
2.390712934,0.349458828,1.765003001,1.58879399,0.349458828,0.387946483,0.356553446,0.303323012,1.197115291,-0.500759694,0.483456254,0.536880969,0.090423871
0.998138638,-0.622598612,-1.046764558,-1.997863889,-0.622598612,-0.271612773,-0.426734055,-0.869043598,-0.655700578,-0.335955482,-1.114286038,-0.223359724,-0.05282337
0.349509397,3.248744266,1.013556834,0.450711297,3.248744266,0.527585793,0.142900839,-0.750597128,-0.477962519,0.408306273,0.078254766,-0.348741537,-0.258147386
1.554062671,-0.083890833,0.012167881,0.873719919,-0.083890833,-0.005955507,0.174148433,-0.084898737,0.653771123,0.049811653,0.467801673,0.109240392,0.32720724
0.760325566,0.703002305,0.236689221,-1.414860003,0.703002305,0.117638075,-0.271208193,-0.119803295,1.56797315,-0.179884879,0.425944263,0.394615712,-0.169218568
0.54522484,0.023070492,-0.434751426,-0.117685609,0.023070492,-0.084643236,-0.032001445,-0.329085333,0.724905421,-0.324826536,-1.084556031,0.01072603,-0.20830762
1.819503661,0.746666073,2.182532788,-0.071534605,0.746666073,0.511173165,0.036810395,0.945653405,-0.587972729,0.400557921,-0.302125487,-0.129013549,0.358781729
1.414007174,-0.025366681,-1.064993219,2.691499902,-0.025366681,-0.215535312,0.516746449,0.261921628,1.065332373,0.223094711,-0.08958208,0.162993972,0.577116282
2.146970113,-0.156300065,-1.887844499,-0.482382692,-0.156300065,-0.393198906,-0.135796429,0.146840147,0.220942798,0.158625719,-0.131150861,0.626043728,-0.173775874
1.544386181,1.046906998,-1.861469171,1.125744062,1.046906998,-0.267603134,0.198388499,-0.320571496,1.338432713,0.29466267,-0.274074043,0.699560686,0.510086301
1.852594234,0.026533195,0.355604093,-2.012013498,0.026533195,0.073774138,-0.395025286,0.837444931,-1.676948973,-0.166342129,0.080087064,0.180932381,0.092204759
2.216652163,1.018304654,1.736098661,1.910937305,1.018304654,0.449050198,0.427092481,0.552660878,-0.648528471,-0.062261989,-0.437478498,0.433736706,0.166307215
0.041047215,-1.401868233,-1.402300803,0.611616744,-1.401868233,-0.420646984,0.08025865,0.578617241,-0.669166019,0.127950983,0.456601909,-0.210842905,0.261147611
1.908770316,0.421803217,0.80072803,-1.616261996,0.421803217,0.202325928,-0.303019806,0.205051378,-0.343801022,-0.150721296,0.198199035,-0.125293374,-0.236949846
2.163208189,-0.740455606,-0.261115725,-1.161089918,-0.740455606,-0.126268706,-0.244844854,-0.005914545,0.736810271,0.333563973,0.059735165,0.22069599,0.451601404
1.170462147,1.057116421,-0.620017616,-0.220696831,1.057116421,-0.018291881,-0.045968554,0.04439877,-0.139201274,-0.213015053,-0.324385584,-0.002674916,-0.515952528
0.483867125,-1.402297581,0.229748652,0.345347204,-1.402297581,-0.094280028,0.059641438,0.323590211,0.074924567,0.399177832,-0.677855152,-0.201165065,-0.035405256
1.328157616,-0.898180078,2.067064363,-0.979608984,-0.898180078,0.323594865,-0.16356231,0.56703838,-0.656614925,-0.514611618,0.037078531,0.119109348,-0.109710602
1.044717752,0.356964527,1.948147018,-1.820100012,0.356964527,0.425325856,-0.321487417,0.102160602,0.137408385,-0.135314216,-0.359420018,-0.102821845,-0.658644996
0.188042794,1.806077354,-0.614521696,0.223520933,1.806077354,0.057703396,0.050474526,0.841055809,-0.79533853,0.403421474,-2.226237799,0.072716587,-0.538914333
1.989228392,-0.440214015,-0.063317059,-1.963371769,-0.440214015,-0.056684813,-0.398342835,-0.473714323,-1.468437624,-0.174606629,-1.733959315,-0.194433941,-1.220369786
1.423861254,1.523910729,-0.055960983,-0.337300564,1.523910729,0.141198876,-0.053340225,1.256354521,0.604634476,0.11794348,0.778289456,0.184749397,-0.025819463
1.517195186,0.530374739,0.045419607,-0.090671512,0.530374739,0.062121395,-0.011922163,0.004019011,0.155482893,-0.754088004,0.576625773,0.066467267,-0.006232942
0.855954554,1.346255067,-0.43394746,-0.965785636,1.346255067,0.047836015,-0.188373526,0.336438558,-0.691972855,0.268170017,1.066746244,-0.098393528,-0.008485416
0.320768873,0.888511726,-0.924696445,-1.033157766,0.888511726,-0.096088116,-0.216240365,0.425318262,-1.772716728,0.102022185,-0.654442588,-0.766391048,-0.421261909
2.178341095,-0.830001493,-1.313105756,-1.34166418,-0.830001493,-0.345621301,-0.302894966,0.792139024,-1.05346431,-0.858552062,-0.367421054,-0.64755862,-1.193814158
1.037543909,0.500224397,0.279728288,-0.94858589,0.500224397,0.105968097,-0.179120368,-0.041686157,-1.825411862,-0.127809793,-1.049234731,-1.334281219,-0.504084668
1.164574849,1.285509121,1.391757315,-0.356690394,1.285509121,0.406902375,-0.030647841,0.453869954,0.603108105,0.353137355,-1.583405683,-0.082130174,-0.54977906
1.995210941,-0.31216935,1.097037025,-0.76586078,-0.31216935,0.18819047,-0.134353109,0.514541064,-0.214163634,0.092460187,1.343050578,0.574923237,0.465471584
1.992079746,-0.197569567,2.173463702,-1.81527562,-0.197569567,0.414935784,-0.321561546,0.70777188,0.583114686,-0.439623664,0.326037323,0.391444328,-0.312560311
1.514069981,-0.664199885,0.693720253,0.783944473,-0.664199885,0.072324062,0.164021301,-0.492411016,-1.902236616,-0.14809829,0.277918296,-0.988136978,-0.607341371
2.025157749,2.055654028,0.547651399,-2.143373745,2.055654028,0.315095683,-0.397165181,0.246540938,0.838242226,0.104067364,0.178443364,0.642499306,0.649406854
1.283675201,0.983834307,0.936628529,-0.77367975,0.983834307,0.285709137,-0.126165036,0.334028552,1.662724059,-0.180883433,0.899994448,0.276429891,0.688213449
1.297677645,-0.345193698,0.02762279,-1.309671319,-0.345193698,-0.028994812,-0.264833745,-1.029796911,-0.925973292,0.094630886,-1.381768548,-0.429691667,-0.240293772
1.342008403,1.614459792,1.752203174,0.066488394,1.614459792,0.511886614,0.06448634,0.29259006,1.350941888,-0.377638544,1.068028375,0.374662595,0.260265222
1.540642672,-0.12690255,-1.193292643,-0.087363824,-0.12690255,-0.251348784,-0.042607643,0.52286711,-0.261307508,0.405240704,1.262292605,-0.172500549,0.270979776
0.975737774,-0.792133247,-0.764815845,-1.458067142,-0.792133247,-0.232176494,-0.314831078,-1.001244219,-0.072927725,-0.277282902,-1.069684146,-0.003163605,-0.427562887
0.726101324,-1.16165333,-0.248818934,1.063994352,-1.16165333,-0.16592912,0.196205958,0.069439538,-0.154070406,0.39881711,-2.203292506,0.082513007,-0.410448626
0.50835829,-0.294850351,-2.027015118,-0.062763996,-0.294850351,-0.434888059,-0.056041605,-0.004783851,1.080479539,-0.23159768,-1.186613725,0.025500184,-0.424061448
1.639345467,-0.28002651,0.232608309,-0.986321274,-0.28002651,0.018519011,-0.195412354,0.588718421,0.163310642,0.244944352,0.050961554,0.479319751,0.447327259
0.454014203,-0.421439389,-1.247533678,0.601205071,-0.421439389,-0.291650674,0.091075947,-0.140637152,-0.243397739,-0.064131567,0.611684277,-0.06011973,0.169773337
0.628774876,-0.275801771,-0.780661203,1.698205421,-0.275801771,-0.183712418,0.321269842,-0.40026349,0.148341169,-0.308474497,-1.034241257,-0.068521079,-0.717353646
1.175757508,-0.253472609,-0.373085469,1.712379481,-0.253472609,-0.099964355,0.332479461,-0.191346268,-0.955899677,-0.118492702,-1.756651261,-0.230062756,-1.275735398
2.1609185,-1.690860253,0.559930335,1.226225124,-1.690860253,-0.057099958,0.239535029,0.165546521,2.042975737,-0.299188265,-0.734997177,0.849456206,0.033155692
1.242228145,-1.148814202,1.359120253,-0.501890236,-1.148814202,0.15694263,-0.084683784,-0.298595913,-1.853219451,0.359528714,1.27935901,-0.254273911,0.546477446
1.119362948,-0.077564814,0.144587386,0.293213689,-0.077564814,0.021160996,0.060758837,-0.929129837,-0.510810928,0.266140639,-0.12491403,-0.07111752,0.146821382
1.435994669,0.497097508,-0.194147078,0.678981974,0.497097508,0.010880335,0.136884428,-0.290627962,-0.811516409,0.123502519,1.294007291,-0.814162825,0.40474616
-0.399635232,-0.22464438,0.276445408,0.923311925,-0.22464438,0.032824644,0.187944849,0.434567245,-1.208600955,-0.189216529,-0.292116627,-0.496221107,0.027517882
1.323164262,0.748912784,-2.072290815,-1.377420689,0.748912784,-0.339566885,-0.309440826,0.800157673,0.842551936,-0.142920177,1.737093126,-0.332090643,0.506187544
1.33952487,1.216327482,0.021226048,-0.732096568,1.216327482,0.125877958,-0.133831518,1.197299006,-0.786516146,-0.12421625,-0.585855897,0.256404326,-0.596038004
0.403781311,-0.553092607,0.403603442,-0.810387967,-0.553092607,0.025411428,-0.159536451,0.199555962,-0.100069953,-0.402740117,-1.416475941,0.057360791,-0.168666518
1.330065363,-0.956898961,0.858837919,0.525405589,-0.956898961,0.076077688,0.112688886,0.277499472,1.106928525,0.144863937,0.097997569,0.523239467,0.017649479
1.286350097,-1.895933607,1.806017986,-1.365850886,-1.895933607,0.171610236,-0.256009153,0.046319291,-1.163668049,-0.57136487,-0.78893686,-0.42272308,-0.72252561
0.621756036,-0.055060957,-1.053029698,0.690424006,-0.055060957,-0.216112035,0.116473598,0.101534674,-1.131668428,-0.091288469,-0.269326874,-0.513203073,-0.121564289
1.684291806,-1.000885733,1.650034689,0.210194092,-1.000885733,0.229918365,0.065030655,0.716065688,0.409330198,0.272984524,0.808414174,0.226843422,0.056487597
0.678272508,0.992897923,-0.679070661,-0.454852401,0.992897923,-0.03652434,-0.094622914,-0.400680701,-1.1663951,0.191588163,-1.080051497,-0.431198778,-0.56157095
1.334336018,-0.25187827,-0.540294668,0.894058801,-0.25187827,-0.133246761,0.165487084,-0.517738328,-1.030852505,0.53461404,-0.670049104,-0.144912315,-0.108584586
1.512653854,-1.923827635,1.956459286,-1.320534694,-1.923827635,0.198909094,-0.244216029,-0.291513885,1.529742502,0.067348051,-2.189493173,0.376461948,-1.060836843
0.58223413,0.02454994,-0.814546429,0.465617447,0.02454994,-0.160454292,0.07707806,-0.511261693,-0.977066443,-0.220898562,-0.067260237,0.024881839,-0.01165065
0.365062461,-1.330301509,-1.047333033,-0.50501367,-1.330301509,-0.342496757,-0.13525241,0.026134345,-1.095961997,0.128665678,-0.694138167,-0.177786646,0.235826747
1.306769651,-1.976960958,0.60377235,-1.130470543,-1.976960958,-0.076941626,-0.233788271,0.378476951,1.377534365,-0.636407479,-0.404102571,0.129183359,-0.646170679
0.888780483,-0.284263746,-1.127135078,-0.240667047,-0.284263746,-0.25385339,-0.073518748,0.815089846,-0.461168632,0.068594702,0.811923932,-0.163004444,0.315706552
0.889011762,1.238022909,-1.423001082,-0.026797437,1.238022909,-0.160797926,-0.02143928,-0.170955744,2.23373159,-0.267479362,2.752056401,0.383562518,0.543902205
2.143888228,-0.655470016,-1.181500818,0.423565735,-0.655470016,-0.301847165,0.05452843,-0.231286277,-0.813365102,0.135654166,0.26771323,0.067417954,0.049568175
2.19111547,-0.046693504,0.408712578,-0.03041226,-0.046693504,0.077073165,0.001624865,-0.358928241,-0.192275054,-0.175829483,1.617901723,0.345295056,0.290057456
0.77187605,0.865350258,-0.48573805,-0.678501169,0.865350258,-0.010612584,-0.136761492,0.466996374,-1.372856341,-0.124329855,1.143336282,-0.231033816,0.329802914
2.509638798,-0.391098302,0.775191507,-0.713895317,-0.391098302,0.115928471,-0.131186216,0.49296491,-0.693728874,0.202668189,-0.003791334,0.590057341,0.158752363
2.806921882,-0.401304789,0.678944145,-0.648875289,-0.401304789,0.09565835,-0.120209223,-0.043722325,0.492416774,1.012985365,1.215036198,-0.134481102,1.017819392
1.687431657,-0.032457917,-0.660641638,-0.362657986,-0.032457917,-0.135374119,-0.086069009,0.04582069,-0.588707397,-0.239813971,-2.203171519,-0.093019621,-0.805833918
1.977473387,-0.421252944,-0.328185626,-0.223905138,-0.421252944,-0.10776242,-0.055557269,-0.642274588,0.620207776,0.258046596,0.119601436,0.109463158,0.035733946
2.324796262,-0.927855375,-0.482684346,-0.45058393,-0.927855375,-0.189322407,-0.109049027,0.463027771,0.287864464,0.628344027,-1.125671373,0.215418413,0.37145181
0.957828491,-1.050435709,-0.341493574,-0.579595189,-1.050435709,-0.173342286,-0.133253266,0.175037289,-1.437822472,0.546154647,-0.800447396,-0.286357369,-0.216143323
1.94498029,-1.334379865,2.402212219,-0.396402419,-1.334379865,0.347004457,-0.044580038,-0.145157537,-0.992542117,0.10967573,-0.420059119,-0.739485028,0.161291701
1.976169666,0.564069644,0.695126767,0.574565744,0.564069644,0.195432318,0.134456381,0.274752635,0.093972106,-0.155117078,0.503816187,0.255372934,0.617585725
-0.035206482,1.853273775,-0.473226204,0.536683335,1.853273775,0.090682137,0.116404881,0.746011653,0.829722287,0.293499862,-0.966581045,0.072328685,-0.237469533
0.967286228,0.850278169,-1.112518221,-0.608464191,0.850278169,-0.137475827,-0.135440421,-0.340059836,0.233679448,-0.525479089,0.289313536,0.432267409,0.064918888
1.150081533,-0.158904196,-2.052436596,0.197714785,-0.158904196,-0.426377739,-0.003094817,0.308163686,-0.589750937,0.061280355,-0.961446023,-0.42127073,-0.904621486
0.539261282,0.419046307,0.114034508,1.506329691,0.419046307,0.064711532,0.307737091,0.783828938,-0.389794282,-0.49435093,-0.653731204,-0.175468441,-0.021950044
0.076473281,-1.439653143,-2.123480017,0.573774566,-1.439653143,-0.568661318,0.057888781,0.329087674,-0.156229806,0.101369429,0.728262604,0.17664095,-0.286713166
1.298289215,-1.269432154,-0.679459744,1.697315891,-1.269432154,-0.262835164,0.313179662,0.12954111,-0.396840232,0.128960017,0.535309737,-0.353538658,-0.184088144
1.156438804,-0.094794712,-0.482800853,0.17624381,-0.094794712,-0.106039642,0.024644798,-0.484501396,-0.248604441,-0.964670976,0.944648323,-0.496416351,-0.191195196
2.206670355,-0.74784909,0.486313801,0.986462169,-0.74784909,0.022477851,0.199540219,0.538414296,1.228547324,0.404910605,0.366095612,0.453047429,0.848558835
1.37463715,0.116586564,0.360178913,0.332344687,0.116586564,0.083694439,0.074838381,0.572636476,1.689775033,0.031621175,-0.386389713,0.709798755,0.003692093
1.540347417,0.215806083,0.340992306,-1.103079149,0.215806083,0.089779069,-0.211637923,0.19290779,0.161558214,0.104626969,0.258044871,0.652739425,0.236013802
1.14781489,0.492915633,0.152769834,0.441240413,0.492915633,0.07984553,0.096232636,0.099246938,0.901370684,-0.281322833,-1.580397713,0.420377017,-0.302439804
1.306987793,1.623817098,0.828373122,-1.657460238,1.623817098,0.328056334,-0.298686414,0.788098728,-1.554657246,0.203851624,-1.139103292,0.00223586,-0.697051981
0.669030534,-0.87726265,0.566654665,0.799207075,-0.87726265,0.025604668,0.162401882,-1.029745411,0.971264036,0.314083981,-0.141158739,-0.254392973,-0.172406532
1.352661826,-1.406979216,-0.481497279,1.331752182,-1.406979216,-0.236997377,0.242650699,-0.061505333,1.185070026,-0.286804638,0.207764976,-0.0707274,-0.171556294
1.130318213,1.065314542,-0.381564725,1.416427249,1.065314542,0.030218509,0.286307301,-0.955184035,1.167847545,-0.148072861,0.592352417,-0.020697562,0.369699086
2.953272747,0.987102467,0.045037887,-1.788310388,0.987102467,0.107717824,-0.346890295,0.555936046,0.988576794,0.148714664,0.748498533,0.466216135,0.783501688
0.365240219,-0.394937644,1.296191369,1.163536711,-0.394937644,0.219744509,0.254681793,-0.741552421,-0.528699888,-0.359815871,0.032324534,-0.04589245,-0.349966081
2.370035937,-0.996678558,-0.089754898,-0.672894144,-0.996678558,-0.117618835,-0.146340712,-0.394973617,1.759023146,0.231050412,1.742988328,0.480979058,0.872439065
2.193120385,0.099276517,1.215114665,1.23261202,0.099276517,0.252950585,0.271817462,-0.051270517,1.398962234,0.286067732,2.265859326,0.23971083,1.252631761
1.374936374,-1.005117239,-0.335864334,-0.158684649,-1.005117239,-0.167684591,-0.048505389,-0.475655444,0.967076245,0.440015425,0.487688131,0.466737842,0.345294167
0.765932738,1.611607343,-0.04879769,-0.802997737,1.611607343,0.151401196,-0.145459428,0.848560318,-1.221711898,0.269777716,-2.021939935,0.037742546,-0.170050011
1.323857844,0.0683614,0.563815569,-1.468825544,0.0683614,0.119599254,-0.281805183,-0.228665727,-0.138732035,-0.316276765,0.482758908,-0.211979336,-0.294797701
2.26951822,0.345838358,1.661354463,0.856872604,0.345838358,0.366854728,0.208059994,0.761091407,1.687025639,0.095085597,1.444046496,0.696767387,0.579931316
0.686316406,0.49874726,-2.513247032,-0.060415819,0.49874726,-0.45277468,-0.057360632,0.008811124,-0.645312218,-0.238105447,0.458535787,0.083484902,0.291266897
1.081840015,0.858838712,-1.077784562,-0.221431994,0.858838712,-0.129673041,-0.057253703,0.279400346,-0.473465584,0.120409898,0.609298313,0.089774408,0.341568746
0.820889899,-0.72129707,-0.337317034,-0.978811243,-0.72129707,-0.139593114,-0.20972156,-0.33391664,-1.61712478,-0.14416675,-0.591374955,-0.512003659,-0.30032547
1.684833343,-1.122655717,-0.094045762,-0.487262076,-1.122655717,-0.131074724,-0.110559888,-0.133843897,-0.063054099,0.293789583,0.036787908,-0.206900145,0.194819241
1.551989294,0.066788531,0.631089367,-0.515020359,0.066788531,0.132896727,-0.089714399,-0.033431458,0.460137199,-0.285481574,-1.610380301,0.277462432,-0.532928234
0.195072793,-1.680836846,-1.740432258,0.149746728,-1.680836846,-0.516170136,-0.021667668,0.178818705,-0.519526013,0.37437772,-1.241916228,-0.024616206,-0.371882785
1.173086487,0.118492567,0.107348975,0.756765768,0.118492567,0.033319052,0.154685059,0.712576541,0.199321757,-0.453452997,-0.907625906,-0.09269255,-0.633440376
1.480681465,-0.766848499,0.236357735,0.365624665,-0.766848499,-0.029413303,0.070183603,-0.640280621,-0.931586541,0.491391267,-0.868605888,-0.318485081,-0.091678112
1.341375879,0.245622133,0.921425927,-1.308129428,0.245622133,0.208847399,-0.240741146,0.316876818,1.411934471,-0.233270278,1.449479703,0.335837711,-0.051989183
0.58890599,-0.444290817,0.202087804,1.251872906,-0.444290817,-0.004011521,0.249973429,-1.208979525,-0.177285586,0.060822329,1.719447726,-0.441593285,0.669240428
0.947382634,-1.964143935,-0.098960507,-1.406061604,-1.964143935,-0.216206495,-0.30283297,-0.360821023,-1.186918179,-0.035679639,-0.312993034,-0.415068855,0.211907428
1.40590136,0.210311626,0.281618787,0.625774935,0.210311626,0.07735492,0.132890479,-0.371137265,1.205206487,-0.103198703,-0.566925441,0.531853376,-0.024518865
1.119181246,0.138223711,1.765086415,-0.327623934,0.138223711,0.366839654,-0.028840821,-0.381948457,0.518689557,-0.17262642,-1.18574044,0.211265382,-0.448744249
1.312339771,2.323181247,-0.27418973,-0.371015194,2.323181247,0.177480179,-0.056455021,-0.265062901,-1.289238242,0.220472066,-1.489679972,-0.219361356,-0.826984853
1.274776038,-0.197656083,0.890865221,-0.365670055,-0.197656083,0.158407436,-0.057293267,0.223780409,-1.953123126,-0.145114172,0.478959576,-0.619091449,-0.232183602
0.310202506,0.631908404,-0.362421438,0.458707104,0.631908404,-0.009293447,0.090812076,0.334411403,-0.74449937,-0.051515636,-0.89108543,-0.216152745,-0.605439589
0.514515862,0.436218852,-1.112819819,-0.399326491,0.436218852,-0.178942078,-0.097759506,-0.299931893,1.17334743,-0.04801673,-0.175817575,0.426747299,-0.210457393
1.323029259,0.461551467,1.241898522,3.45077945,0.461551467,0.294534851,0.719609375,-0.23235847,0.31467332,-0.155394845,1.383361062,0.438917441,0.735822261
0.828529214,-1.129061578,0.272143646,-0.572176779,-1.129061578,-0.058477429,-0.120283099,0.222211882,-0.134292072,-0.193332818,-0.612387784,0.280791762,-0.045269765
0.193026484,0.526589883,0.927398423,3.18152271,0.526589883,0.238138673,0.660118409,-0.464271839,0.634757981,0.072957177,-0.070471214,-0.331114335,-0.338709124
0.058893673,-0.707132433,-0.348017763,0.633490025,-0.707132433,-0.140316796,0.112666325,0.439429711,1.01403293,-0.014230445,-3.030943214,0.121954346,-0.704831876
1.70051605,-0.822125292,0.160505359,0.420379328,-0.822125292,-0.050111457,0.07906472,-0.131677083,1.677577061,-0.192349438,0.452010704,0.07143784,0.103999087
1.456354519,-2.329308946,0.771057324,1.370251777,-2.329308946,-0.07871943,0.266178413,-0.687745471,0.587209193,-0.360921846,2.735651555,0.129605492,0.710023
2.035187462,0.620708657,-1.272851593,0.583463359,0.620708657,-0.192499453,0.097442727,-0.437350114,1.282269991,0.138496716,-1.077411112,0.100012331,0.136338651
0.985785961,1.294761134,-1.466477252,-1.137273976,1.294761134,-0.163819337,-0.243836729,0.668717031,-0.961647498,-0.145818347,-0.331605224,0.057366128,-0.369865206
1.481291307,0.070814795,-2.369226527,-0.333598451,0.070814795,-0.466763826,-0.113396073,0.06416693,0.487625836,-0.051907524,0.16150224,0.267502086,0.555483596
0.304916915,1.592683928,-2.167700706,0.314714514,1.592683928,-0.274271748,0.035515728,0.397212602,-0.734558606,0.140441491,-0.467385756,-0.410367092,-0.388643279
2.439152945,-0.187462244,0.627875546,0.68332729,-0.187462244,0.106828885,0.147348347,0.672342753,1.21286121,-0.30862489,1.194944934,0.440601498,0.145319803
2.783868101,-0.739667176,0.190185842,0.87955533,-0.739667176,-0.035929549,0.172318111,0.164694822,0.980118438,0.257448428,-0.520057613,0.372594533,0.105051716
1.734773454,0.189736814,-0.963092841,-1.888387438,0.189736814,-0.173644887,-0.395041976,-0.320665935,-0.56407814,-0.231254902,0.730712689,-0.86520557,-0.424369255
1.225412149,2.182035079,0.053179793,-1.064352943,2.182035079,0.228839466,-0.189986642,0.084885428,0.885792354,-0.038377152,0.895133425,0.766135272,-0.02270674
1.63251393,-0.198507173,1.481572553,0.066167682,-0.198507173,0.276463793,0.040879916,0.406956643,-0.987793309,-0.444474427,-0.445725992,0.438759298,0.029461692
1.153233681,0.124330505,-1.836124957,-1.502757075,0.124330505,-0.354791941,-0.336030609,0.524506381,-0.268995749,0.412629299,0.44803786,0.023051605,0.467762297
0.950280979,-2.896242318,-1.230086598,-0.953795009,-2.896242318,-0.535641551,-0.244323157,0.454744428,-1.553106137,0.110402214,1.02002908,-0.129969569,0.441612626
0.518271075,1.94928409,-1.33213829,1.294026594,1.94928409,-0.071499249,0.251655394,0.049862013,-0.748341354,-0.159734498,1.038717899,-0.019608052,0.09209079
0.522016849,1.010225891,-0.742515586,0.060119442,1.010225891,-0.047480528,0.007275836,-0.113488323,-0.797778133,-0.033408212,-0.689303327,-0.536368376,-0.485133585
2.067911804,-1.587514858,0.849757227,-0.385913134,-1.587514858,0.01119996,-0.076062631,0.075983383,-0.697886008,0.41008149,0.743759123,0.034785912,0.103883344
1.070759846,0.696048891,0.856289153,0.150179696,0.696048891,0.24086272,0.054122211,-0.128476653,1.908895557,0.474111759,-1.057523694,0.548304129,-0.216077611
1.400938036,0.300866622,0.318031666,-0.781885396,0.300866622,0.093692995,-0.14700778,0.113889286,-1.335295271,-0.261516672,0.765979691,0.033450363,-0.169749907
1.337564559,1.814719098,1.331716589,0.399983446,1.814719098,0.447815228,0.124778212,-0.361358132,0.058982165,-0.149382173,0.349487873,0.251252822,-0.305557772
1.564676581,-0.124924329,-0.58240582,0.5671728,-0.124924329,-0.128973597,0.1005372,-0.336163446,-1.761574787,-0.153409841,0.179163331,-0.3548604,0.529298576
1.353684113,0.890270361,0.337529221,-1.226981405,0.890270361,0.15653288,-0.229742993,0.201434017,-0.047086022,-0.703995473,-0.064214025,0.290513308,-0.610441933
0.683201715,1.101012311,-0.71267089,-0.286786001,1.101012311,-0.032432947,-0.060600495,0.434177973,1.09295466,0.513079151,-1.466195815,0.188688971,-0.02743406
2.181661931,0.009044562,-0.989122455,-0.73371937,0.009044562,-0.196920035,-0.166435878,0.375093895,1.341050347,0.131298012,0.708232903,0.136655519,0.419531411
1.618121039,-0.470968411,-0.388065207,-0.183120041,-0.470968411,-0.124709883,-0.049094997,0.781563047,1.329374298,0.189983406,0.536926624,0.587330611,0.274170675
0.776801003,0.107252349,0.626182278,0.064905461,0.107252349,0.135961691,0.026577261,0.264536641,-0.307957468,-0.045418465,0.420058755,0.257685941,-0.081219096
2.079875867,-1.217468831,0.0344563,0.36701838,-1.217468831,-0.114855623,0.061918114,0.590024251,-0.61245923,-0.298974298,-0.200560689,-0.15646229,-0.534523812
1.209696961,0.470260203,0.927187532,-1.707097661,0.470260203,0.232463527,-0.31817318,0.00804884,0.476044159,-0.295313181,-0.253831567,0.010551989,-0.197715395
-0.168605256,-0.881149007,-0.40871533,-0.377965757,-0.881149007,-0.169857967,-0.092578948,-0.153144183,-1.259966059,-0.061543016,0.030178573,0.258480802,-0.025069308
0.485738765,0.872591187,0.599382303,0.761136349,0.872591187,0.207135579,0.172940828,0.496824948,0.400892093,-0.097847394,-0.078652933,0.067328868,-0.022901005
1.27358566,-1.05511175,-0.899634682,-0.421134585,-1.05511175,-0.285438111,-0.112770728,-0.594978266,0.138025175,0.026344024,0.984674421,-0.387783415,-0.241635336
1.822015487,-0.170318289,1.857994874,-1.889990666,-0.170318289,0.354567146,-0.342541419,0.292765706,-1.189409658,-0.628893306,0.3673634,0.01407708,-0.675095732
1.854206301,0.208105569,-0.340145426,-0.083788771,0.208105569,-0.047218528,-0.021479607,0.667783341,-0.871819672,0.057894094,0.339219673,-0.26190878,-0.170875151
0.985537373,-0.027144183,-0.419458244,-0.098147205,-0.027144183,-0.086606067,-0.028290048,-0.224054862,-1.064107502,-0.322811591,-0.20764399,-0.439575679,-0.154240419
0.684009528,-0.285062704,-0.815675091,-1.453758686,-0.285062704,-0.191641289,-0.309915866,-0.312915559,0.632009864,-0.214195092,-0.881774229,-0.561941222,-0.670860453
0.154623932,-0.392187338,0.657559284,0.489461219,-0.392187338,0.092293123,0.107121556,-0.839856094,1.034147941,0.207239744,-0.758576202,0.388123202,-0.349530011
0.629379832,0.142863422,-0.732945078,1.188910938,0.142863422,-0.132302673,0.22455192,-0.376766726,0.121928888,-0.379563539,-0.196334302,0.125761853,-0.317566116
0.680035799,-0.087195203,-1.498205649,1.505675762,-0.087195203,-0.30836065,0.270299087,-0.610460067,-0.649843829,-0.40704903,-0.100204129,-0.484054584,-0.564379411
0.722253384,0.263087874,-0.433293664,0.073591266,0.263087874,-0.060349945,0.008683259,0.252524478,-0.793321822,0.301395102,-1.48865331,-0.002794091,-0.0374998
0.767761659,0.697434148,-0.236302332,-1.388978584,0.697434148,0.022482948,-0.275547422,-0.315111974,-1.124222282,-0.140190002,-1.188606152,-0.277129703,-0.540459924
1.074882543,-2.657183632,0.489555422,0.305151708,-2.657183632,-0.167807279,0.044249614,-0.116148269,1.072109858,0.065474233,-1.855630518,0.079888848,-0.009882323
1.64558253,0.776984612,-0.6969549,1.03719493,0.776984612,-0.061692519,0.201269734,0.075204094,0.425531037,0.566379074,-0.153035664,-0.186331431,0.511683997
0.874138401,0.248697199,-0.577380928,0.573318606,0.248697199,-0.090606466,0.105603075,-0.274782642,-1.5125514,-0.082694133,-2.179784898,-0.265050747,-0.600354004
0.09885724,1.044330366,-0.084599532,1.896518907,1.044330366,0.08751313,0.388055094,-0.079462698,-0.522227853,-0.015536667,0.491104424,-0.004034699,0.201559695
1.049020157,-1.512175428,2.802611729,1.02496935,-1.512175428,0.409304803,0.24592435,-0.563227194,1.150671322,-0.284305188,-0.565375622,0.344220705,-0.86565729
0.832824872,-1.508836348,-2.413439476,1.01334287,-1.508836348,-0.63357153,0.139311421,-0.22207196,-0.183601755,-0.188372278,-0.539855256,-0.25297135,-0.50853413
0.892096117,-0.237242153,0.533421854,-0.352670644,-0.237242153,0.082960155,-0.062238113,-0.243170154,0.423742662,-0.216614806,-0.071781733,-0.544941585,-0.112546339
1.632667781,2.002165659,1.07173692,-0.692737405,2.002165659,0.41456395,-0.097091086,-0.01065635,-0.576027564,0.241629065,-0.479484048,-0.271549344,-0.191695969
1.370340188,1.630893068,-0.530175238,-0.44173802,1.630893068,0.057054259,-0.082642178,0.808963309,0.596284589,-0.329870245,-1.560166138,0.399178356,-0.297995436
1.318026038,-1.701819433,-0.33791271,-0.694162932,-1.701819433,-0.237764485,-0.162609035,0.045924166,-1.436562809,-0.033748802,0.765779627,-0.376888834,0.37217304
0.624934517,1.928286392,0.10971832,2.196122273,1.928286392,0.214772303,0.460701685,1.558903747,0.835253426,0.44802879,-0.94020254,0.393464805,-0.342780056
-0.268632484,0.836128209,-2.307521507,0.54632601,0.836128209,-0.377891481,0.071476054,0.523894822,0.570613698,-0.28459811,-0.642624945,0.475080278,-0.519189359
0.707701094,-0.509589175,0.378663577,0.993924006,-0.509589175,0.024773798,0.201262181,0.457809575,1.28224059,-0.333063392,-1.492506221,0.491672683,-0.016070394
1.926402323,0.271030127,-0.567559667,-1.799191139,0.271030127,-0.086408921,-0.36847912,0.004471106,-1.80588961,-0.264978812,-1.026722346,-0.840473794,-0.908231118
1.472445995,-0.096730537,-1.168537806,0.777313104,-0.096730537,-0.243380615,0.131124559,0.231364219,0.134900834,-0.021810172,1.902915217,-0.43196538,0.300446827
1.133554134,0.9829894,0.133583082,-0.278478342,0.9829894,0.125015556,-0.043194113,-0.155700505,-0.367255476,-0.425339055,-0.055830436,-0.151224202,-0.468226807
2.011234321,-0.924239302,0.522429229,-0.637850181,-0.924239302,0.012061916,-0.126363845,0.343680918,-0.958561818,-0.11187664,-1.659748419,-0.489333121,-0.750204
0.357668404,-2.689432399,-0.041143683,0.459329919,-2.689432399,-0.277171976,0.064148786,0.554344058,-1.822687256,0.309651097,-0.369658287,-0.061435637,0.326855014
1.286307053,-1.510121067,-0.376161204,-1.046625025,-1.510121067,-0.226244348,-0.23194944,-0.4244359,-0.535333203,-0.102717791,-0.201616895,-0.450455041,-0.615213952
1.626903754,-0.435579881,0.507482519,-0.349309734,-0.435579881,0.057938516,-0.064068095,-0.479453855,-0.990264382,0.752854959,1.649674144,-0.79548141,0.981944758
2.467186101,0.459411313,0.357914403,-0.766540893,0.459411313,0.117524012,-0.141555777,-0.406505473,0.329543933,0.428418049,1.135822501,-0.079275763,0.455952168
0.850258923,-0.133005209,-0.250323388,0.261013875,-0.133005209,-0.063365199,0.045866255,0.859237238,1.02508089,-0.261231083,0.163529818,0.00101188,-0.786246902
1.49940151,-0.301414568,1.792168335,-0.190446546,-0.301414568,0.32829221,-0.005260088,0.052775515,0.731249339,-0.06799296,-0.610021292,-0.140380649,-0.211044399
1.12129312,0.602906748,0.907582897,-0.037500693,0.602906748,0.241807254,0.016680587,-0.707100992,-1.414428154,0.186543974,0.161023634,-0.599032578,0.450418178
1.25904902,0.875163814,0.077817729,0.09993739,0.875163814,0.103079927,0.030295471,-0.037375869,-0.169541659,-0.127186167,1.55717936,-0.876474304,-0.224892129
1.668098816,2.342681908,0.540242724,1.565239348,2.342681908,0.342316736,0.347279543,0.013001738,1.766735359,0.052535665,1.060212344,0.440944137,0.45862431
0.658020721,-1.698723407,-0.098832114,1.295576142,-1.698723407,-0.189638763,0.240151352,-0.575702661,0.505571393,0.275824719,-0.536014969,-0.086764524,-0.531623265
1.074416463,0.670923341,1.1335755,1.805053977,0.670923341,0.293807434,0.390391539,-0.480619371,1.684023261,0.089710074,1.208141136,0.085009792,0.602911164
0.467519431,1.648989064,-0.622442918,0.00434281,1.648989064,0.040410323,0.004909594,0.019128001,-2.165617175,-0.509901888,-0.515951058,-0.088693431,-0.673994833
1.471408053,-1.476501485,0.64272357,0.54127844,-1.476501485,-0.019105434,0.106345144,0.302842207,-0.340915287,0.123937377,0.246701126,0.258646586,0.11773734
0.446924361,-0.745095243,0.411445775,-0.600682853,-0.745095243,0.007779631,-0.119358607,0.389888491,-1.671587324,0.01457559,1.096254841,-0.068374364,0.542071117
0.61314951,-0.707621667,1.050315344,2.005215151,-0.707621667,0.139300902,0.414973121,0.208529101,-0.201280205,-0.143474916,1.456855526,-0.840720269,0.442274654
0.764590114,0.108196542,-0.43591434,0.238725527,0.108196542,-0.076363214,0.040108784,-0.799885551,-0.487941571,0.030679893,0.294218589,-0.254428011,-0.037069845
1.046080629,0.099893368,-0.768661729,-0.357800338,0.099893368,-0.143743009,-0.085934369,-0.412994673,0.006598931,-0.347578374,-0.326960632,-0.220433777,-0.290523082
1.057699798,-0.723121516,0.881788074,0.362728057,-0.723121516,0.104045463,0.082950158,0.09237587,0.007881279,-0.156090368,1.432499461,-0.340168188,-0.032055891
1.006920753,-0.908529464,-0.163953885,0.357284433,-0.908529464,-0.123643723,0.059092514,0.014903433,0.486182269,0.066549235,0.45034254,0.612373185,0.427709606
0.37914741,0.774449767,0.093478902,-0.505431567,0.774449767,0.096140757,-0.091472238,0.346961318,-0.109848295,0.091902952,-0.570912676,-0.046972805,-0.298331939
2.065241444,0.127132209,-0.218263733,0.163990771,0.127132209,-0.030939526,0.029704202,0.084848965,0.583826167,0.139838586,0.669550553,0.350476363,0.324542726
1.719274573,-0.496727908,0.508807681,0.640331052,-0.496727908,0.052088745,0.133275085,0.512068802,0.874226677,0.421249974,2.718786648,0.301311052,0.950357
0.522259111,-0.518927416,-1.208493811,1.299734392,-0.518927416,-0.293591504,0.230587728,0.031913652,-0.087398994,0.546238386,1.032763285,-0.235551732,0.298189064
0.768439656,-1.958284149,-0.949402285,1.057269782,-1.958284149,-0.385708872,0.172883069,-0.632744066,-0.757275505,0.143131673,-0.739506917,-0.243833712,0.520819604
0.754875254,1.106297388,-1.292948476,-1.082221439,1.106297388,-0.147959956,-0.231240283,-0.281117117,1.092285987,-0.406995437,0.126634742,0.129326598,-0.141611123
1.586137883,0.018179687,-1.484258783,0.301172341,0.018179687,-0.295033788,0.030731089,-0.557633853,0.537009977,-0.45880969,1.54802487,-0.044437534,0.614471254
1.31066056,-0.285035133,-0.933840616,-1.151323301,-0.285035133,-0.215271637,-0.251791824,0.564130479,0.009012884,-0.080014307,-1.537241727,0.067618614,-0.402501482
1.070130714,-0.242643682,-2.327174142,-1.114178879,-0.242643682,-0.489699197,-0.271805696,-0.613873411,-2.1643126,-0.355063505,-0.459367802,-0.229842713,-0.05696666
2.130365988,-0.032449808,1.993896762,-1.195218703,-0.032449808,0.395534372,-0.199490303,0.642294855,0.231024,0.101546383,-0.410543522,0.072315211,-0.22971838
1.239296364,-0.776225096,0.53430917,-0.483991501,-0.776225096,0.029239324,-0.093874368,-1.170658039,0.954951713,0.064441116,-0.73000527,0.439623008,-0.522230776
1.937505452,-1.271153911,0.521041761,0.090030849,-1.271153911,-0.022907039,0.015715466,-0.075146566,-0.529795071,0.083786175,-0.358518196,0.189135061,0.196836643
1.818170024,1.714945716,-0.803603987,0.989814024,1.714945716,0.010773774,0.199040182,0.264717543,0.583085753,0.119486398,1.430807277,-0.072822387,0.778016731
-0.379956836,0.515241965,-0.826230252,1.527637716,0.515241965,-0.113721854,0.294155358,-0.06876076,-1.294208431,0.00349359,-0.540315034,-0.472031502,-0.230822857
1.537735596,-0.123762427,-0.197488516,0.5000368,-0.123762427,-0.051873946,0.094819965,1.326759653,1.205529266,-0.060157769,-0.534175705,0.774376405,0.228432337
-0.172868314,-0.596386907,0.066771295,2.872717502,-0.596386907,-0.046284432,0.569915057,-0.159724549,0.612380826,0.070311049,-1.014718287,0.170664489,-0.028947874
1.557226566,0.283013582,-0.850364695,0.601722017,0.283013582,-0.141771581,0.106167245,0.576757242,-0.069111886,0.14060537,-0.272072465,0.299524649,0.342902581
1.267541051,-0.910700272,-0.208456684,-0.322867352,-0.910700272,-0.132761364,-0.077849607,1.15979522,-2.391373842,-0.305139945,0.078489928,0.035739275,0.104953449
2.714320313,-2.46961537,0.699997734,0.799453513,-2.46961537,-0.10696199,0.149194504,-0.161088369,0.018979827,0.071053901,-0.377854524,-0.208957272,0.28794135
1.142279682,-1.1924882,-0.482591875,-1.05433269,-1.1924882,-0.215767195,-0.232443257,-0.62417531,-0.001361859,-0.23356137,-1.061579933,0.070286014,-0.449228664
0.637234731,1.272009912,-1.910434278,0.487111087,1.272009912,-0.254885864,0.071933631,0.065625866,-0.859940942,0.181858883,-0.737349429,-0.252077991,0.13424604
2.066907326,-0.624142318,-0.196057091,-0.738086807,-0.624142318,-0.10162565,-0.157779926,-0.402850483,1.092554563,0.294563074,1.723114598,0.754339546,0.711918783
2.902155339,-1.859688686,-0.633995057,-1.362203768,-1.859688686,-0.31276788,-0.303717542,0.085207699,0.17468275,-0.110893058,1.505960147,-0.064949311,0.351035353
0.515577097,-0.772735127,0.50691086,0.925765196,-0.772735127,0.024108659,0.187563905,-0.148521022,-0.25454584,0.249437989,-1.389913124,0.530547705,-0.340633836
1.450446672,0.281184752,-1.169599755,1.639946149,0.281184752,-0.205801476,0.307409082,0.063911972,0.044972174,0.501708643,-0.299599906,0.445967756,0.375996389
-0.021060347,-0.97727744,-0.383425342,0.408331657,-0.97727744,-0.174412812,0.06422505,-0.608078585,-0.548517496,0.509451195,0.142328615,-0.281666898,-0.383378653
1.014921606,0.191991562,-1.240120938,0.578917537,0.191991562,-0.228825031,0.092901004,-0.199659562,-1.635168593,-0.242097435,-0.013261967,-0.338419987,0.00887571
1.501048787,-0.192865284,0.108375962,-1.047676808,-0.192865284,0.002388664,-0.209296495,-0.059640985,-0.075933566,-0.318389795,1.207439504,-0.432335642,0.472030811
1.848740485,-0.622211701,-0.550686975,0.89849026,-0.622211701,-0.172358565,0.162462195,0.006681402,0.577054151,0.083521584,1.578236849,0.215746022,0.529800983
0.002946605,-0.472087562,-0.775096391,-0.467827189,-0.472087562,-0.202228034,-0.113788241,0.125604433,-0.555808323,-0.574154993,-0.558598714,-0.034658857,-0.382065089
0.491949259,-0.207133308,-1.016510618,0.259517997,-0.207133308,-0.224015454,0.029502054,-1.029058875,-1.720131529,-0.432440458,-1.263597092,-0.9796655,-0.55977753
1.664596229,-0.647657679,-1.411358268,1.972135892,-0.647657679,-0.347037422,0.359723436,-0.846233943,1.598261012,0.039120107,1.946175298,0.75003294,0.71216332
0.760786608,-1.211297096,-0.626224317,-0.449116308,-1.211297096,-0.246374573,-0.114460719,-0.163331144,1.009380679,-0.21700588,-1.061347142,-0.151860174,-0.520528526
1.550958882,-2.235038533,-0.750382457,0.690958023,-2.235038533,-0.373580345,0.10083357,0.038228255,-0.347887127,0.29386786,0.479628147,-0.197390902,0.451659735
0.874581854,0.827561358,0.185160732,-1.346754765,0.827561358,0.119788282,-0.257372125,0.495604062,-0.789322256,-0.343174953,0.386991236,-0.147089886,-0.169233968
0.006041043,-0.048977012,-1.72899991,0.322028929,-0.048977012,-0.350697683,0.029336017,-0.919140008,0.823738834,-0.231819462,-0.362239684,-0.535034644,-0.113416839
1.210096346,-1.453787331,1.490082571,-1.067582521,-1.453787331,0.152637781,-0.198252726,0.318336513,-0.290600773,0.469208129,0.25092864,-0.028472515,0.335793994
1.447027668,0.640508712,0.003455357,0.633932324,0.640508712,0.064741943,0.133260659,-0.220502266,0.86270914,0.070866089,1.564579759,0.020954175,0.507265226
0.948132887,0.993341994,0.039890883,-1.668699067,0.993341994,0.107312376,-0.323008576,-0.152640031,-1.089566532,-0.197234447,-1.533667677,-0.347892657,-0.659601893
2.50024289,-1.096630144,-1.105032312,-3.382828794,-1.096630144,-0.330669477,-0.709632706,0.673584499,1.125562301,0.072286888,1.001774026,0.209614943,0.150732846
1.437867789,-1.801720719,-1.334357676,-0.956238445,-1.801720719,-0.447043607,-0.23595205,-0.389355042,-0.837029305,-0.234791037,1.151635899,0.211531364,0.274651828
1.95397856,0.10782676,1.119323723,-0.963177164,0.10782676,0.234647421,-0.169170691,-0.341047099,1.619998524,0.159047958,-0.327281606,0.273343949,0.285252871
0.438484163,-0.359225299,-0.288264822,-1.364439815,-0.359225299,-0.093575494,-0.282245512,-0.152016498,-1.410403682,-0.038109947,-1.72667669,-0.745943076,-0.291040129
1.289761531,-0.504131582,-0.863217511,0.828168495,-0.504131582,-0.22305666,0.143328033,0.540240945,1.296725259,0.154648194,-1.108575836,0.613420588,0.00520566
0.485879674,-0.527788609,0.911205782,2.035018829,-0.527788609,0.129462296,0.419949995,-0.481703839,2.935503525,-0.156539248,-0.619126341,0.296079441,-0.499659441
1.784964468,-2.018955769,1.129632414,-1.653329037,-2.018955769,0.024030906,-0.328262717,-0.034245904,-0.657617646,0.045506108,-1.575250382,-0.018824543,-0.464384085
1.473986574,-1.18176165,0.465195695,0.951769867,-1.18176165,-0.025137026,0.187840271,-0.441058637,0.624913949,-0.055204074,1.235658393,0.005324811,0.28681264
1.713617249,-1.697535399,3.12065298,-1.588596534,-1.697535399,0.454377056,-0.272281601,-0.603076683,0.046094415,-0.099851156,-0.718096848,-0.347703546,-0.660137175
0.027665225,0.767311409,-0.832887528,-0.173047518,0.767311409,-0.089846365,-0.04359414,0.051200573,0.116521095,-0.234367091,0.676060429,-0.511522682,-0.140571124
1.892039762,0.967906483,-0.494876955,-0.068517289,0.967906483,-0.002184743,-0.013921932,0.055532607,-1.479913577,0.270197955,0.776672182,0.110623161,0.607428047
1.054509351,2.13557517,0.016798455,0.841593723,2.13557517,0.216917208,0.190010465,0.154763193,-0.354729557,-0.057600542,1.288686727,0.084514128,0.226848981
0.814429557,0.729532937,0.715240398,0.635426639,0.729532937,0.216001373,0.148685465,0.003790091,1.388798505,-0.27371307,-0.014371703,0.608453817,-0.258672546
2.404240803,-0.265689921,0.809987062,0.426474477,-0.265689921,0.13542842,0.098837738,1.005554878,1.319569769,-0.030307473,0.723097355,0.98137963,0.772713551
1.049706046,-0.181643799,-0.593136399,1.384397469,-0.181643799,-0.13679166,0.263200328,-0.448155149,-2.027363363,0.187083613,1.515132019,-0.600223981,0.585117636
-0.240077503,-0.379804925,-1.287942512,0.4342103,-0.379804925,-0.295568995,0.057285161,0.731858288,-0.552051698,0.353575646,1.485533299,-0.512829651,0.590043042
1.163285826,-1.558186304,-0.444514489,1.53822357,-1.558186304,-0.244721528,0.283172561,0.46284393,2.810817264,0.479044916,-0.304880558,0.437704054,0.316436547
0.296727111,-0.489416088,-1.625281925,0.724247467,-0.489416088,-0.373997994,0.107449694,0.638196323,0.116707491,-0.322446337,0.526922088,0.420010644,-0.220567665
2.402659249,-0.528075222,-1.228932196,-2.251472782,-0.528075222,-0.298593961,-0.480153953,0.825297302,0.352277167,0.160525367,2.745071612,-0.254040529,1.169181055
2.092352854,-0.232412949,0.174358922,2.313648224,-0.232412949,0.01163049,0.463892694,0.626198769,1.540312519,0.346137732,1.542268625,0.320702439,0.794454902
0.37397964,-0.837756114,-0.994272225,0.625497541,-0.837756114,-0.282630057,0.096836503,-0.087474533,-0.476275447,0.278235285,-1.256620291,-0.094123672,0.01687716
0.651183819,0.603594615,-1.949640887,-0.339121837,0.603594615,-0.329568716,-0.100781239,0.562068048,-2.025458664,0.439343431,0.16492472,-0.267595072,0.152537341
2.057685785,-0.446589752,0.555186044,-0.760426245,-0.446589752,0.066378233,-0.145447426,-0.359878033,1.368174869,0.283415384,-0.038638891,0.451466661,0.021991278
0.376419285,0.969957397,0.101470481,0.253240499,0.969957397,0.117289836,0.062377083,-0.319480427,1.504732053,-0.077433124,1.508748963,-0.184777617,-0.05677757
0.082056309,1.113277928,-0.178490632,0.229647584,1.113277928,0.075629666,0.053492483,-0.192731643,-0.432913759,-0.49558234,-0.720092508,0.022304795,-0.601298572
1.533988948,0.398400857,0.187332847,-0.853042533,0.398400857,0.077306655,-0.162877841,-0.71953436,1.782815055,-0.311125285,1.040975561,-0.140507345,0.203726546
0.820473189,-1.41316427,-0.663517006,-0.402748319,-1.41316427,-0.274019828,-0.107951647,0.660310914,0.467116124,-0.210088226,-0.2131773,0.465531718,0.497174549
0.559603732,2.532834323,-0.718834708,0.667019497,2.532834323,0.109516491,0.144355548,-0.327030523,1.391856133,-0.083877752,0.463982718,0.450982616,-0.113626009
1.924132232,-0.091968722,-0.076393263,2.206419556,-0.091968722,-0.024475525,0.438836359,0.478041168,0.410705676,0.384103864,1.39111172,0.351594896,0.576416729
1.25272089,-0.211328929,0.149398662,-0.000953067,-0.211328929,0.008746839,0.00068407,-0.087253682,0.246172953,-0.266600507,-1.530417047,0.247105336,-0.611457484
0.431627983,-0.920954621,-1.151988477,-0.504394326,-0.920954621,-0.322493157,-0.133128181,0.560067089,-1.123847789,-0.144126832,0.44169613,-0.246599419,-0.013295446
2.05410891,0.007737292,0.589842634,0.111655627,0.007737292,0.118742256,0.034205351,-0.223892165,0.606546014,0.414285018,0.111924558,0.601534459,0.533719112
2.77639889,0.871435918,1.065503334,1.927598424,0.871435918,0.300244259,0.415544111,1.177970799,2.726118076,0.226978166,0.595649215,0.839396975,0.83545963
1.460585253,0.794336813,0.935059702,-1.434747634,0.794336813,0.266445622,-0.260304965,0.306560516,0.208979435,-0.414203713,-1.734046404,0.119402127,-1.000632548
0.425339786,-0.499401653,-0.219660419,0.164063364,-0.499401653,-0.093872249,0.023425448,0.388288077,-0.496489379,-0.272298926,-0.226436634,0.315860999,-0.196436071
0.625512628,0.76670152,-0.446029273,0.302460528,0.76670152,-0.012535702,0.059238535,0.035557373,0.580771404,0.325114659,0.846318668,0.420454917,0.195424419
1.354352393,-0.129318349,0.295668284,0.947411259,-0.129318349,0.046201822,0.194102434,0.415996309,-0.644192243,0.054546151,-2.197187333,-0.204496393,-0.694640698
2.656944126,-0.108025377,0.392682839,0.402534498,-0.108025377,0.06773403,0.087280303,0.373308278,0.245770238,-0.111204401,1.537467945,0.520543134,0.176328114
2.673170083,0.48863856,1.343678647,0.239334371,0.48863856,0.317599585,0.079626833,-0.303263177,2.203886916,-0.14058023,1.006615023,0.328661518,0.450096326
0.322853305,-1.299588984,-1.664337745,-0.975867834,-1.299588984,-0.462826447,-0.241456212,0.306806364,-0.105735234,-0.277556438,-0.579790712,0.163586786,-0.230344751
1.282557977,0.994634873,1.2898099,-1.035031214,0.994634873,0.357425467,-0.171263696,0.478504032,0.289869059,-0.118478292,0.777073797,-0.278361639,0.352497134
1.005882757,-0.92323229,-0.266064915,-0.210789214,-0.92323229,-0.145536212,-0.056711464,0.170086926,0.085265852,-0.090378234,-0.866027036,0.194062944,-0.404871799
2.149948358,-0.237481115,1.53502493,-0.787729232,-0.237481115,0.283256875,-0.129220159,0.526170556,1.087176704,0.562413791,-1.160421528,0.572024841,0.368745731
1.131415243,0.325448353,1.677391336,1.797136136,0.325448353,0.368023103,0.396229537,-0.516393774,1.073374516,0.101561353,1.201821842,0.202778807,0.571351561
1.030344084,0.864122035,-2.276976717,1.416384835,0.864122035,-0.36898314,0.246378653,-0.350317904,-1.153069485,-0.038797559,-0.405665715,-0.368180275,-0.677177359
0.117263652,0.017317838,-1.087993889,0.537088634,0.017317838,-0.215866994,0.085831027,-0.174850426,-0.905657724,0.240367259,-0.038923214,0.296044061,-0.123733715
0.881503965,1.328255334,-0.01207968,0.77227167,1.328255334,0.130409597,0.167495294,-0.326114162,1.058120742,-0.352584221,-0.045186576,0.379017504,-0.602785099
2.302254608,-0.803400105,0.33864856,-0.035085693,-0.803400105,-0.012610299,-0.008278169,-0.667744315,0.757236708,0.587719013,0.658456296,-0.297453776,0.598793629
1.053365192,1.194522913,-0.888968999,0.156082724,1.194522913,-0.058341508,0.025382394,-0.009990278,2.650988835,0.064710109,1.761182445,0.343111178,0.51343736
2.085062553,-0.801609386,-1.516298574,-0.478292398,-0.801609386,-0.383420653,-0.134000545,0.288957412,1.227274904,-0.146219723,1.562179118,0.135419414,0.112849926
1.118051655,-0.146112406,1.670533057,-0.397700316,-0.146112406,0.319495371,-0.047590526,0.159384971,-0.556953354,0.182812768,-0.796999769,-0.495425937,-0.00310404
1.548856979,-0.556365738,1.215758189,0.876027934,-0.556365738,0.187515064,0.193957093,-0.813884169,-0.170058376,0.176113113,-0.307161928,0.446549197,-0.019429132
0.244308023,0.20861032,-0.472701616,1.418581546,0.20861032,-0.073679291,0.27634838,0.740476384,-0.243168408,0.064760955,-1.371539195,0.447558786,-1.137220883
1.619423927,0.026733684,1.56426039,2.674487311,0.026733684,0.315525446,0.566450007,-0.335030576,1.058098929,-0.036065555,0.439694431,0.110787925,0.679330846
1.137135931,-0.830666787,0.375672501,3.086989655,-0.830666787,-0.007932179,0.616604713,1.320596901,0.466220764,-0.085875474,0.79390623,0.209393867,0.221984615
0.675092791,0.250840872,-0.24774842,0.104219877,0.250840872,-0.024465597,0.018397416,0.333439911,0.349428706,0.373270005,-1.161234463,0.197110217,-0.103535562
0.566372599,-0.225742798,1.265554392,0.18011781,-0.225742798,0.230536599,0.059077222,0.238808572,-0.250337852,-0.164321711,-0.466968304,-0.359903368,-0.003903096
0.274799409,-1.070694135,0.153452822,0.523541874,-1.070694135,-0.076378849,0.09707049,1.322890776,-0.053879226,0.199788785,-1.90921408,0.20474478,-0.421571671
0.376806791,1.395161496,-0.19130537,-0.715378117,1.395161496,0.101255076,-0.132950116,0.526211403,0.463296432,0.384690042,-0.710135655,0.436572826,-0.162803871
1.907019202,0.947917387,-0.32052557,0.740300562,0.947917387,0.030686625,0.151128775,-0.505160796,0.041969885,-0.180076504,0.731199471,0.129562685,0.125679613
0.797832958,-1.611223379,1.298375521,-0.455407752,-1.611223379,0.098552766,-0.081226274,0.133843805,-0.139885536,0.132453232,-0.942444812,0.026712135,-0.314891361
0.634974271,0.30483295,0.401532549,0.303045019,0.30483295,0.110789805,0.071687984,0.207479029,1.780767621,-0.042190666,-0.955971783,0.777760919,-0.636371921
0.946622082,-1.047227353,-0.676497547,-1.181016225,-1.047227353,-0.240022245,-0.26020547,0.293554227,0.597279052,-0.344962018,-0.740187074,0.530467347,-0.034463059
1.803269018,0.039877746,-1.43445674,0.013175411,0.039877746,-0.282903573,-0.025655275,0.379331816,-1.851655153,0.166844699,1.707750835,0.096804516,0.831363914
0.320516885,-1.013802813,-0.82399742,0.119464614,-1.013802813,-0.266179765,-0.002725054,0.025815659,-1.541382362,-0.243064359,-0.1705109,-0.269161635,-0.587701416
1.062725404,1.38076204,-0.394757974,-2.187936213,1.38076204,0.059124609,-0.431674782,0.163838402,0.97318682,-0.710306066,0.352774882,0.29980119,-0.30476623
1.607139237,0.516944447,0.230855699,0.391106204,0.516944447,0.097865584,0.088007799,0.154211483,0.594340632,0.171045984,0.314583508,0.373683085,0.27556691
1.113720049,-0.179307866,-1.283362462,0.108822108,-0.179307866,-0.274603279,-0.005695906,-0.308693726,0.929215543,0.269821315,0.349939665,-0.253992828,0.065239368
2.5673231,0.403352048,0.307521076,1.326381265,0.403352048,0.10183942,0.275460195,0.712900914,1.411134597,0.146867168,0.739335074,0.49138568,0.058710144
1.24901804,1.182354207,-0.496967545,0.683546103,1.182354207,0.018841912,0.138593412,0.124389678,0.705789306,-0.193229003,0.098965769,-0.275275177,0.187887615
2.382843096,0.619735787,0.325769139,-0.863382464,0.619735787,0.127127406,-0.159963752,0.253268164,-0.19703287,0.475863978,-1.045741395,0.160960708,0.156782104
2.47233402,-1.108978008,0.943919946,-0.035694918,-1.108978008,0.077886188,0.000649635,0.100348999,-0.029058386,0.140616429,0.397404906,0.116476217,0.175080161
0.424805871,1.846382163,0.512645892,0.467901232,1.846382163,0.287167395,0.122296986,0.223398976,-0.181524781,0.046107841,-1.360187516,0.043514894,-0.039857329
1.102052138,-0.581309191,-0.96097299,1.982473613,-0.581309191,-0.250325517,0.371462171,0.2623362,0.104551396,0.1248521,0.121610731,-0.391843653,0.115059835
1.854312023,-0.680243947,-0.768593927,1.148352656,-0.680243947,-0.22174318,0.207496213,-0.937445784,2.132628938,-0.078285734,1.566174068,0.05276196,0.018707459
0.440622237,-1.198763111,-0.441521648,0.062770327,-1.198763111,-0.208180641,-0.008263999,0.00108951,0.102430191,-0.189874413,-1.357114095,-0.237436028,-0.960999726
1.238177111,1.990026259,0.008663953,-0.970157203,1.990026259,0.200735417,-0.173957899,0.123844895,-2.214030865,0.197818736,-0.458176146,-0.400894619,-1.134699597
1.512442207,-0.099269859,-0.65400227,1.209543177,-0.099269859,-0.14072744,0.227835891,0.748288687,-0.573786994,0.089934738,0.859331159,0.098165991,0.266855748
2.469124682,1.21645914,0.881870755,-1.285321504,1.21645914,0.298020065,-0.227262294,0.523536973,0.288950689,0.460283645,0.181002373,-0.559617209,0.068635984
1.058546662,-1.07114289,-1.251251259,-0.336640387,-1.07114289,-0.357364541,-0.103064531,-0.143454277,-0.633502342,0.227894246,-0.246189289,-0.125047218,0.251596067
1.353199031,2.304514305,-0.049168485,-0.167618552,2.304514305,0.220617734,-0.011461937,-0.458453177,0.290993137,0.058804114,1.126868812,-0.089820983,0.290183437
1.716240318,-0.801676153,1.096779865,1.631462996,-0.801676153,0.139188358,0.340211435,0.209218527,-0.605867484,-0.048099028,0.486902015,-0.148524117,0.201659711
2.561640332,0.15410784,1.61382613,-0.364419838,0.15410784,0.33817601,-0.039066367,0.039374621,-0.348505255,0.581925345,0.880884364,0.178315241,0.691293271
1.086726776,0.190114743,0.761151684,0.934492656,0.190114743,0.171241811,0.204022712,0.122585529,-1.936968805,0.439312512,-2.403595745,-0.679413375,-0.262856275
1.235461743,0.800524503,-0.715870347,0.958246821,0.800524503,-0.063121619,0.185337202,0.33260887,0.65097044,-0.03066344,1.572567314,0.591811222,1.149549123
1.245325882,0.001850303,-1.567899223,0.96846083,0.001850303,-0.313394814,0.162352684,0.437328257,-0.334409672,-0.09592834,-0.575537424,0.483369323,0.142568442
1.92006712,-0.435198638,0.352169985,0.534185065,-0.435198638,0.026914133,0.109528426,0.641461809,-0.34115271,0.135713303,-0.179896804,-0.107774275,0.104746337
2.118203833,-2.126882917,0.963028837,-0.364071089,-2.126882917,-0.020082524,-0.07482247,-0.280273201,0.081480644,0.242204102,-0.150608293,-0.000939119,-0.262675682
2.353740223,-1.613270904,0.002932613,-1.664863684,-1.613270904,-0.160740568,-0.349046794,-0.1550002,-0.265354102,-0.081668602,-0.49808488,0.300287157,0.032510735
1.156663808,0.805835709,0.257680153,1.295544488,0.805835709,0.132119602,0.272320858,-0.005944761,-0.525029681,-0.035752316,1.540884507,0.12560436,0.841514201
1.102490581,1.168039207,0.044322325,0.083049073,1.168039207,0.125668386,0.029176653,-0.02292173,-1.363749529,0.10016806,-0.573563084,-0.18650664,0.065486762
0.161553577,-0.381963719,-1.300367802,-0.166575768,-0.381963719,-0.298269932,-0.063142147,0.467964337,-0.727847373,0.012431809,0.101629574,-0.219379972,0.1918788
0.912660994,-0.380643005,-0.306114577,0.361749675,-0.380643005,-0.099287216,0.062421213,-0.490120558,0.081081766,-0.318497102,-0.647615233,0.429757968,-0.225164392
0.893532319,-1.063205834,0.017176985,-0.257695722,-1.063205834,-0.102885186,-0.061827663,-0.124726564,-0.106301268,0.49717393,-0.213019914,-0.268406499,0.204334088
1.816283621,0.056861954,-0.026476056,0.335063853,0.056861954,0.000390984,0.067051869,-0.366558083,-0.792465852,0.367596698,0.689676217,0.107723243,0.621659378
1.941851301,-1.859312388,1.56835513,-0.125492084,-1.859312388,0.127739787,-0.012324438,0.073336774,-0.28930044,0.040874259,0.292485821,-0.371713424,-0.03365792
0.479655749,0.105283291,-0.10760054,-0.086905874,0.105283291,-0.010991779,-0.018480353,-0.798247943,1.96705282,-0.246217146,0.904138693,0.684787553,-0.144613018
1.793152657,-3.415976488,1.37080612,-0.386026713,-3.415976488,-0.067436425,-0.083948985,-0.576029248,2.236841348,-0.262481368,0.646628301,0.193037518,-0.015773997
1.438234934,-1.204296791,1.765173323,0.092470517,-1.204296791,0.232604985,0.041754602,0.345549672,-1.203058111,0.187687831,-0.75552408,0.023679705,0.11148592
1.538615517,0.580202059,0.628779321,-0.334599015,0.580202059,0.18377607,-0.048542196,-0.267465098,-0.67139952,-0.230994853,-1.153785605,-0.167229727,-0.971143624
1.19947922,-1.593212261,-2.37601918,-0.278671746,-1.593212261,-0.634525062,-0.119186855,0.337493015,-0.585949201,0.426846716,1.365604646,-0.108058495,0.373716642
0.751819027,-0.184979775,1.810131342,2.271670598,-0.184979775,0.343528291,0.488686949,-0.355914442,0.028637868,-0.085156407,-1.870026928,-0.285049741,-0.842538863
1.714893557,-1.499304416,0.478876425,0.019102642,-1.499304416,-0.054155157,-0.001594987,-0.162685729,-0.554284804,0.025436828,0.221447342,-0.024784827,-0.049074005
2.197914772,-0.388572042,0.191510163,-1.204419638,-0.388572042,-0.000555172,-0.240939445,0.480666923,0.615033482,0.122788236,-0.539334402,0.132902362,0.198687156
2.14337097,-0.4460026,1.482979039,-0.363889913,-0.4460026,0.251995548,-0.047578428,-0.301596124,-0.160148953,-0.119979569,-1.328941659,-0.321639312,-0.701427805
2.195004848,-0.853314387,1.271966697,0.8856507,-0.853314387,0.169061901,0.19403633,0.215430363,-0.15847707,0.517111227,1.815126448,-0.544233064,0.98086058
2.245596659,-0.564368551,0.867234164,1.414296066,-0.564368551,0.117009978,0.294560211,0.046688426,0.581393459,-0.041638129,0.697944468,0.1225002,0.263937454
2.3268178,-1.156621917,1.286816471,-0.511279879,-1.156621917,0.141701102,-0.088085866,-0.232458808,0.603286458,0.541776043,0.516474847,-0.019664201,0.47642431
1.909585927,0.725295252,-1.497477477,0.97299703,0.725295252,-0.22696597,0.171902809,0.008522069,1.356206474,0.094496337,0.509597375,0.229823438,0.385946721
0.911402369,-0.760729474,-0.017574084,-0.221575635,-0.760729474,-0.079587764,-0.052273903,-0.24448259,0.470972751,-0.397832487,0.228201694,0.193878094,-0.337130113
1.53068931,0.898963201,-1.476921441,0.563754714,0.898963201,-0.205487968,0.092202146,-0.059726741,-0.833403378,0.364855026,-0.772046238,0.431197866,0.385295883
1.526724393,-0.466153474,0.755261599,-0.360906811,-0.466153474,0.104436972,-0.061737665,0.233557351,0.646709424,0.010194196,2.176283795,0.002148239,0.981047402
0.190887206,-0.780794928,-1.003825817,-0.394495809,-0.780794928,-0.278844656,-0.106783627,-0.385994797,-1.709656566,-0.152640121,-0.652367788,-0.232595169,-0.483978566
2.346639979,-1.218883832,0.836009659,-1.834265965,-1.218883832,0.045313549,-0.362321838,1.200247061,0.11751292,-0.40074612,0.447026829,0.542732829,-0.098421339
0.688286823,-0.231669338,-1.880513518,0.348863366,-0.231669338,-0.399269637,0.02984571,0.636860484,0.311636106,0.009549421,0.624878458,0.449417824,-0.128124422
0.941025131,-0.776582334,-0.440759188,-0.057924402,-0.776582334,-0.165810071,-0.028165887,0.674179742,0.008293571,-0.087240365,-0.580806175,-0.31251917,-0.508063206
0.740483546,0.056019384,0.923590158,0.153604924,0.056019384,0.19031997,0.049752982,0.186031286,-0.734780859,-0.64187127,0.801837921,-0.436011623,-0.864169419
1.06488426,-1.592947322,-0.735879209,-0.3306109,-1.592947322,-0.306470574,-0.096769237,-0.316041182,-0.528706479,0.728693751,0.036138607,-0.084408132,0.327448298
1.955991257,-0.361962329,-0.073467873,-1.042270292,-0.361962329,-0.050889808,-0.213543039,-0.889795598,-0.525368108,-0.423405462,0.856777698,-0.073929843,0.203861266
0.210711523,-0.900272494,0.28475131,0.664518834,-0.900272494,-0.033076987,0.129596068,-0.765400991,0.907593669,0.210334495,-1.197224325,0.114836923,-0.517938682
0.657079581,-0.032088282,-1.86639699,-0.205667326,-0.032088282,-0.376488226,-0.078782288,-0.298022522,-0.602348118,-0.018723997,-1.37437159,0.069052238,-0.01101566
2.094177435,0.85158736,1.056436474,-0.774910821,0.85158736,0.296446031,-0.125337561,0.400745498,0.366403372,-0.004216285,0.744848503,0.331307073,0.520635957
2.834264199,-0.197722254,1.517904561,-0.886814866,-0.197722254,0.283808687,-0.148982105,-0.464864762,0.350578838,0.134405551,-0.545671663,-0.084954475,0.048780023
2.722444664,-0.482199357,1.420673977,0.746644994,-0.482199357,0.23591486,0.172920485,-0.677214808,0.564780323,-0.64243758,1.913657086,-0.117886308,0.177485852
2.133315934,0.707213306,0.505921052,-0.563299928,0.707213306,0.171905541,-0.095469432,0.064757643,-0.129613592,0.106627861,1.190652453,0.196430757,0.805966735
1.222974825,-0.48025288,-0.298040644,-0.093356068,-0.48025288,-0.107633417,-0.029434555,0.081726625,-0.18681383,0.42435654,-0.821879708,0.48788468,-0.479371004
0.78020762,-0.626602082,-2.201513971,0.796271141,-0.626602082,-0.502963002,0.108957928,0.390251253,-0.724246481,-0.182643923,0.818201179,-0.068987872,0.033136166
0.367847459,0.392250739,-1.199229568,0.445677582,0.392250739,-0.20062084,0.069073432,0.381068018,0.176347124,0.239252605,-0.880741948,-0.039447296,-0.032681536
0.82957532,0.713232934,1.215740894,-0.20413151,0.713232934,0.314471472,-0.009379155,0.183989236,-0.247515559,-0.111132985,1.80240043,-0.305388847,0.411900342
0.625523438,-1.975932665,-1.437105853,-0.425431486,-1.975932665,-0.485014437,-0.133587741,0.791126618,-0.340012636,0.591592953,-1.013967981,0.346159988,-0.076116807
1.829180338,-0.118745848,-0.48896021,-1.276128649,-0.118745848,-0.109666627,-0.266192393,-0.156863279,-0.863071081,-0.060088583,0.499574635,0.260741973,0.459653201
1.472000147,-0.02076451,0.57684022,2.078199453,-0.02076451,0.113291593,0.42696905,0.464717413,-0.106152021,-0.162347768,-0.425492502,0.283854048,0.011574631
0.504943481,-0.024203173,0.749929136,1.719010595,-0.024203173,0.14756551,0.35855867,0.12493223,0.561393551,-0.222501743,-0.497075516,-0.108211279,-0.418907253
0.703451877,-0.310783239,-0.461739661,1.392293041,-0.310783239,-0.123426256,0.266115983,0.55328863,0.300821257,-0.075920726,-1.549315328,0.075732834,-0.516127545
0.425615401,0.723242249,0.256980505,2.008773471,0.723242249,0.123720326,0.414126727,-0.297512445,2.027894664,0.5664493,-0.915146104,0.54209738,-0.445066759
0.72202669,0.516296527,-0.585476497,0.121538661,0.516296527,-0.065465647,0.017761167,0.608949382,-1.242167016,0.358736466,-0.789598585,-0.128723025,-0.059499077
1.512052259,-2.312949855,1.519247219,2.241092485,-2.312949855,0.072554458,0.455473943,-0.221763931,-0.289977022,0.185958413,1.782634186,0.190835635,0.995103053
2.986965114,-0.996075752,1.222589619,-1.021065482,-0.996075752,0.144910349,-0.189722062,-0.007030426,0.980050292,-0.735734106,0.822599682,0.367816834,0.462294402
1.510190414,1.725256735,-1.013406958,0.072554888,1.725256735,-0.030155718,0.011495406,0.722495766,-0.900436646,-0.035722145,1.057712302,0.325735974,0.017010588
1.077566295,0.581855547,0.396495717,-0.996067913,0.581855547,0.137484698,-0.185465113,-0.565212263,-1.638029884,-0.878353334,0.846218422,-0.502274898,-0.814308504
1.680007779,-0.023348145,-0.572550288,-0.857535037,-0.023348145,-0.116844872,-0.183191495,-0.651504816,-0.344718488,0.243791779,-0.804050729,-0.420691847,-0.446745159
0.242006693,0.275481773,-0.524172536,0.39937209,0.275481773,-0.07728633,0.072145785,0.985492403,-0.878329314,0.059002501,0.503714994,-0.058381431,0.342718885
1.087224635,0.303011938,0.023263261,1.196459446,0.303011938,0.034953846,0.242787274,-0.548860789,2.400243608,0.297967351,-0.151908514,-0.01959672,0.673447707
1.3325987,0.659297314,-0.836471374,-1.40842324,0.659297314,-0.101364543,-0.291821102,0.097527912,0.984584968,-0.185868973,-0.532536658,-0.287514834,-0.273384858
1.971502701,-0.680570755,-1.430554292,-1.225985331,-0.680570755,-0.354167934,-0.28061386,-0.464728951,0.555613774,0.025631281,0.762610373,-0.474580803,0.003716886
0.403010849,0.257376827,-0.811639461,1.735992614,0.257376827,-0.13659021,0.333539502,-0.167770462,0.553783292,0.046401836,-1.176218369,-0.559453234,-0.182891151
0.002469826,1.780005505,-0.118179807,0.010842099,1.780005505,0.154364589,0.017604879,0.183373556,-0.523412142,0.117517641,-0.958287974,-0.262518342,-0.172754443
0.753830354,1.458065096,0.655901262,-1.185931959,1.458065096,0.276986762,-0.209487716,-1.086483006,-1.123307304,0.17455476,-1.13932395,-0.963055159,-0.209791775
2.769842656,1.028070328,0.132817206,-0.815615723,1.028070328,0.129370474,-0.150186097,0.775167786,0.109193065,0.061053592,0.50494772,0.333180919,0.5906247
1.732675315,-0.805835613,0.41380431,0.046563501,-0.805835613,0.002177301,0.00953043,-0.905365748,-1.071820055,0.012338853,-0.122862088,-0.252311896,-0.379693924
2.075732569,-0.298093663,0.652566755,-0.340468011,-0.298093663,0.100703985,-0.058023204,0.342292929,0.375379329,-0.27575613,-1.595737689,0.157659097,-0.802484124
1.476219575,1.107489818,-2.770980713,-0.648414667,1.107489818,-0.443447161,-0.17402765,0.293640474,0.18987206,0.113241189,1.269269606,0.249464408,0.850396668
0.567119844,-0.570116167,-1.983962834,0.686902352,-0.570116167,-0.453804183,0.092000052,-0.153406321,-0.185792071,0.170592657,-0.504301897,0.169921279,0.139395596
2.041268566,0.267497463,-0.508687308,-1.569903162,0.267497463,-0.074987715,-0.321479404,-0.278835218,-2.087634676,-0.455815692,0.177202213,-0.691100696,0.260365091
0.946673099,-1.372184664,-1.526238412,-0.012346393,-1.372184664,-0.442466149,-0.046715893,-0.85243064,0.404541719,-0.454514329,1.207003553,-0.035362637,0.611835101
0.65770411,-0.25525958,0.612953252,0.204782487,-0.25525958,0.097064692,0.050662967,-0.204419392,-1.286290386,0.121280879,-0.342769442,-0.447111748,-0.600168008
0.73234567,1.228480491,0.007611014,1.335734545,1.228480491,0.124370252,0.279583934,-0.188163555,-0.070527847,0.123042025,-0.448471861,-0.341197988,0.28321687
-0.691997163,2.092111034,-0.868835634,1.106554961,2.092111034,0.035443977,0.22485539,0.672363415,-1.458483157,-0.317351718,-0.786690343,0.409636173,-0.960838126
0.348652118,0.406497862,-0.828318615,0.266162041,0.406497862,-0.125013937,0.040731015,0.140400289,-0.573884386,0.169977226,-0.252473908,-0.093327058,0.098165432
1.194839211,-0.353576594,0.10421894,0.099317497,-0.353576594,-0.014513871,0.018412112,0.215459026,0.209808244,0.206629651,-0.738748266,0.547687334,0.131521077
0.53778309,-0.036619657,-1.633360063,-0.375355744,-0.036619657,-0.330333978,-0.108104547,-0.564499158,-0.735510112,0.152447955,-1.98643706,-0.43115992,-1.175332619
1.372745993,0.592175494,-1.444189156,0.409749481,0.592175494,-0.229620282,0.058987868,0.000836685,-1.802142523,-0.091294723,-0.82289064,-0.276158621,-0.396383089
1.065181431,0.341939552,-0.995632893,-1.604535498,0.341939552,-0.164932623,-0.337400362,-0.356676381,-1.280730702,-0.129808149,-1.721709405,-0.033538318,-0.893975454
2.131198899,-0.280407253,-0.530404724,-0.370341874,-0.280407253,-0.13412167,-0.087480542,0.21010995,2.036510517,-0.415810506,0.404431297,0.415330081,0.266015046
1.534489588,0.758798643,-1.291133472,-0.531616726,0.758798643,-0.18234683,-0.124558028,0.29914807,-1.870422086,0.286944215,-0.515015635,-0.086874961,0.343605508
1.27876423,1.42874336,0.074057645,1.104759608,1.42874336,0.157685865,0.236720508,1.118703835,0.728525782,-0.061782257,2.321864058,0.32659835,1.106357163
1.11173434,-1.557558668,0.07283555,1.807614477,-1.557558668,-0.141188757,0.34740402,-0.672703598,-0.676402055,0.444228189,0.902772147,-0.079176511,0.284194718
1.604060778,-0.422262303,-0.145949239,-0.390898173,-0.422262303,-0.071416078,-0.085321242,0.439055357,-1.373128783,-0.27716758,0.692821666,-0.364367543,0.169516518
0.960179467,0.260721332,0.852977382,1.66996582,0.260721332,0.19666761,0.353659925,-0.400043142,0.655292515,-0.096717022,-0.834772004,0.067526486,-0.479585732
-0.032011745,0.445124804,-0.605019662,-0.262423133,0.445124804,-0.076491452,-0.060133772,-0.535347583,-0.723996867,-0.247487286,1.074798095,-0.217643312,0.102334897
1.149624087,2.0834817,-0.026473711,-1.098176675,2.0834817,0.203053428,-0.199329992,0.126747708,-0.58725375,-0.062780025,-0.453340498,0.192335256,-0.169916245
0.784402846,-0.637089312,0.826572444,-1.356148494,-0.637089312,0.101605558,-0.261069143,-0.18870779,-0.912892473,0.213786501,-0.375765448,-0.311295652,0.4298278
0.253969176,-0.211737737,0.572816689,0.257268579,-0.211737737,0.093389564,0.060792672,0.356159679,0.848201265,0.011590886,-0.5644736,0.551172717,-0.189093381
0.751299937,-2.204195856,-1.889371509,-0.073359861,-2.204195856,-0.598293887,-0.074501361,-0.43328249,0.759178105,0.178848277,-0.168220813,0.442183925,-0.011762695
1.31110799,1.051911769,0.04542059,0.594824725,1.051911769,0.114275295,0.130392475,-0.111382107,-0.529652476,0.441103436,-0.308166894,0.214202654,-0.201354029
0.109961986,0.636257739,0.352478476,-0.866397233,0.636257739,0.134121469,-0.1598673,0.675345912,-0.008778868,0.032314923,-0.452273792,0.50454734,-0.023756566
0.247133491,1.764317809,0.0745783,0.259124152,1.764317809,0.191347441,0.070959574,-0.017181841,-0.312259795,-0.575960593,1.873495455,-0.223652334,0.180772234
1.884827284,-1.613330822,0.295171887,0.364248594,-1.613330822,-0.102298705,0.062619848,-0.679552768,0.559848183,0.611192829,0.558959276,0.035037464,0.725925372
0.221405103,-1.386748944,-4.365899722,-0.45736811,-1.386748944,-1.011854839,-0.192659106,-0.729458852,-1.673749851,-0.114667697,1.092675402,-0.49819518,0.676869597
1.032725211,-0.23765964,0.281895848,1.442842993,-0.23765964,0.032613206,0.291829919,-0.393649175,0.499397769,0.043324632,0.105774199,0.289216396,0.016325706
1.187601951,0.465747799,-0.991351078,-1.267153132,0.465747799,-0.151695436,-0.26860017,0.22973853,-0.407473052,0.480797153,-0.637161853,-0.225916085,0.415940261
0.109085368,0.01102389,-1.349812725,0.042226944,0.01102389,-0.268860156,-0.018440627,-0.158093987,-0.755834537,-0.434706052,0.891967627,0.246069627,-0.255571218
2.520608321,-1.014951395,1.437200721,-1.494941957,-1.014951395,0.185945005,-0.280393891,0.269185004,1.342452451,0.197197986,0.671645525,-0.011862579,0.520145695
1.316065819,-1.24302149,0.365201247,-0.56170838,-1.24302149,-0.0512619,-0.117467866,0.333668576,1.379652524,0.264739077,0.008740428,0.597066074,-0.11926622
0.521364144,0.193642718,0.20027378,0.3268902,0.193642718,0.059419028,0.071319943,0.522138638,0.755853916,0.038182011,0.758492036,0.2246135,-0.035103388
0.698419436,-0.258311892,-1.44281209,-1.878720351,-0.258311892,-0.314393607,-0.407183431,-0.46218226,-0.557671711,0.284797799,-0.965128234,-0.271197596,-0.679659984
1.447767029,-0.756496568,0.952356201,0.425038371,-0.756496568,0.114821583,0.096489833,-0.1754544,1.086605351,-0.02821232,0.500463763,0.536144494,0.634363042
-0.322302299,2.044871984,-0.284171957,1.761762298,2.044871984,0.147652807,0.36711774,0.6189725,-1.266747063,-0.482507336,1.290508827,-0.524189633,-0.382583788
1.398172662,-0.403663459,1.175217786,1.027680397,-0.403663459,0.194677211,0.225003801,0.168327803,1.571696717,0.471607612,0.645428886,0.347186659,0.401231397
1.895967653,-0.319428462,1.270571136,-1.366143024,-0.319428462,0.222171381,-0.251011467,-0.776962815,0.65123069,0.158985018,0.982671641,-0.41876569,-0.027851867
1.991953463,0.015965539,-0.030587259,-1.197439375,0.015965539,-0.004520898,-0.239939965,0.405233249,0.028880285,0.021138845,-1.111682304,-0.098010363,-0.331541699
1.188050465,-0.014497317,0.114822778,-0.167884811,-0.014497317,0.021514824,-0.03142548,-0.055437682,0.160263167,0.091413134,0.575835053,0.173861552,0.259748607
1.508038543,-0.280073182,1.0109302,-0.752269894,-0.280073182,0.174178722,-0.133036107,0.095998549,0.736532407,-0.145662255,0.34451441,0.208273769,0.204526966
0.075924244,-0.733838727,0.946359873,-0.729398556,-0.733838727,0.115888102,-0.134290901,-0.51822058,-1.954094514,-0.257623937,-1.321866657,-0.611990314,-0.862064395
0.081810544,1.259974904,-1.245249919,1.134731003,1.259974904,-0.123052493,0.214640951,0.788356299,0.186174913,0.101800129,-0.615136838,-0.314330678,-0.092216053
0.330531939,0.744924428,0.312600969,0.243836349,0.744924428,0.137012637,0.062468534,0.103019609,1.090846519,-0.59554362,-1.453509535,0.210178101,-0.739825152
2.568617098,1.154435698,1.295926396,0.481394908,1.154435698,0.374628849,0.133741866,-0.099641711,1.026825679,-0.03242632,1.106926923,0.438017676,0.936993184
1.360748004,-1.707386525,0.32470232,0.958189763,-1.707386525,-0.105798189,0.181058134,0.103666814,0.253472814,-0.131201185,-1.411723549,-0.202594712,-0.225921341
1.711881489,-0.917045081,-1.640125793,0.126399802,-0.917045081,-0.419729667,-0.016693006,-0.43725326,0.140075719,0.100558337,0.291688522,-0.019865616,-0.081766971
0.073015294,0.863416185,-0.509053868,0.611359036,0.863416185,-0.015469155,0.120724892,0.064543859,-0.909062138,0.475509552,-1.109395607,-0.277172061,0.060429944
0.625402935,1.356589092,0.071422703,-0.333155256,1.356589092,0.14994345,-0.051636706,-0.526557651,0.613102923,-0.171322165,-1.219861756,0.280582367,-0.609140828
1.493871198,1.080042207,0.008349429,0.301236525,1.080042207,0.109674107,0.071214716,0.396860606,2.22912992,-0.316691176,0.382450484,0.940470386,0.427182912
0.690566164,-1.0034661,-1.964020909,1.818303841,-1.0034661,-0.493150792,0.314345689,0.296353501,-0.160933585,0.254577612,0.14393793,0.351032644,0.111765636
1.344376396,0.633743741,-0.782433617,-1.052695278,0.633743741,-0.093112349,-0.219850291,0.688830741,0.066795004,0.002266112,1.608356747,-0.122862759,0.442960352
0.054096628,0.010044769,-1.843854154,-0.731432576,0.010044769,-0.367766354,-0.183063151,0.219698924,-0.504795644,-0.317668604,0.45776002,0.169759241,-0.349190963
0.704630424,0.711942955,0.199790299,-0.564289319,0.711942955,0.111152355,-0.101742628,0.512339681,-1.097375496,-0.10552613,2.303679033,-0.906641801,0.382338931
1.788459487,0.121326179,-0.045318913,-0.025881995,0.121326179,0.003068835,-0.004869516,-0.736134766,0.285340602,0.129912567,1.343203313,0.08236731,0.570514894
1.580530604,0.316604853,-0.286442018,0.367037583,0.316604853,-0.025627918,0.070844725,0.046079063,0.093488747,0.425715337,0.794420795,-0.417910639,0.371005197
1.652534852,0.761754006,-0.325094301,1.393527882,0.761754006,0.01115654,0.279821231,0.594625797,-0.808943072,0.545461957,0.220877938,-0.039377777,0.810621217
1.864230641,-1.912731272,0.716814606,1.226477009,-1.912731272,-0.047910206,0.240504381,-0.085923426,2.158804327,-0.165825379,-0.538513775,0.574609076,-0.062596655
2.146009257,-0.921334718,0.601133365,-3.559696798,-0.921334718,0.028093201,-0.709130039,-0.53024316,0.339790815,-0.907326214,1.094866648,-0.133107452,-0.687819116
1.141595765,-1.436754992,-0.347636209,-0.114203826,-1.436754992,-0.213202741,-0.044161039,-0.238812156,0.412219698,-0.206869368,0.299668007,-0.244606433,-0.151434597
0.694544827,-0.867494464,-1.734760582,0.621707338,-0.867494464,-0.433701563,0.080971311,-0.981332263,-0.197457754,-0.577601761,-0.551091435,0.366377474,-0.235148717
1.350609327,-0.947773455,-2.512981238,0.126273785,-0.947773455,-0.597373593,-0.034482602,-0.992526872,-0.383962427,0.143183213,1.644762636,-0.280316267,0.038920513
1.082872171,-0.487041843,-0.401792661,0.564650161,-0.487041843,-0.129062716,0.10002376,0.124603943,0.205769979,0.483699739,-0.151969426,0.122620205,-0.031220516
1.402406432,1.249302018,-0.359902375,-0.222536589,1.249302018,0.052949727,-0.039212345,-0.170603774,0.87122691,0.454081911,0.577125187,-0.182375437,0.56630149
2.946280345,-1.309538095,1.833330386,0.455408374,-1.309538095,0.235712268,0.114652902,-0.083414125,0.63900579,-0.151938914,1.687423405,-0.037179264,0.490554245
0.549373324,0.258624229,-0.72805906,-0.81069463,0.258624229,-0.119749389,-0.174113865,-0.488356835,-0.577482286,0.131593694,-0.712429538,-0.30104701,-0.566156949
1.457908591,-0.722901619,0.034198114,-0.722532314,-0.722901619,-0.065450539,-0.151051517,-0.336482174,-0.717322071,0.62366254,-0.411046811,0.207459838,0.355155014
2.427545209,0.026779283,-0.639564857,1.823377393,0.026779283,-0.125235043,0.352151974,-0.303869089,0.143750234,-0.258759136,-0.472736089,0.080466632,0.713612997
2.040349417,0.047497792,0.726978374,-1.166114693,0.047497792,0.150145454,-0.218208393,-0.333386594,0.913445312,0.414407613,0.173578154,0.144972365,-0.008427819
3.622567387,-0.544766616,1.02346796,-1.013359973,-0.544766616,0.15021693,-0.187650302,0.043436601,0.318804795,-0.230276572,2.162865267,0.054062294,0.321496281
0.984570583,0.568918948,-1.321321364,-2.775641608,0.568918948,-0.207372378,-0.575865559,0.195402962,-0.748055689,-0.367230756,0.370628182,-0.206195263,-0.175472685
1.42644823,-2.13309576,1.062268793,0.3198657,-2.13309576,-0.000855817,0.063887558,-0.155253736,-0.358814685,0.054383759,-0.022863858,-0.350499904,-0.251912141
-0.136292011,0.075075971,-0.884096983,-0.142357679,0.075075971,-0.1693118,-0.045402716,0.024679292,-0.782543131,0.296623607,0.070690999,-0.039697549,-0.002980246
0.493593526,2.199168565,-0.170764599,0.179969302,2.199168565,0.185763937,0.054570254,-0.305779917,0.066045772,-0.437701381,-0.747843489,-0.200544948,-0.052993122
1.260067926,0.792206264,-0.149089496,1.156624904,0.792206264,0.049402727,0.236265254,0.23286636,1.878703114,0.138312785,1.184814873,0.384366388,0.665868883
3.037629673,2.993428945,1.25017886,0.077371846,2.993428945,0.549378666,0.070412236,0.71637974,-0.804017524,0.13716397,-0.070825879,0.01604024,0.149670944
1.09943648,0.020603256,-0.761456509,-1.323057198,0.020603256,-0.150230976,-0.279634537,0.125154111,-2.193741915,-0.171288598,0.715125985,-0.602745179,-0.500064876
1.483642975,-0.786873147,-1.368911816,0.305739411,-0.786873147,-0.352469678,0.025900914,0.337903038,1.377081391,-0.476148347,1.861348736,0.399999684,0.540315858
-0.39196737,1.120265155,-1.492117448,0.90963411,1.120265155,-0.186396974,0.163287125,-0.329667284,0.802859032,0.087821297,-0.121515033,0.064767247,-0.142162994
1.105488766,-2.280933357,0.135941055,0.837112966,-2.280933357,-0.200905125,0.147332081,-0.497345883,-0.584411207,0.038800699,-0.65313405,0.054312341,-0.175231678
0.810426289,-0.137363928,-0.495504929,0.472263986,-0.137363928,-0.112837379,0.083169059,-1.174450143,-1.038095102,-0.449587413,1.122947557,-0.377826692,0.212693731
2.252765289,0.781283933,0.019123758,0.916596631,0.781283933,0.081953145,0.191514641,-0.20660726,1.188631168,0.289058146,1.112541048,-0.03465469,0.636050147
2.526728582,0.420723543,1.225826559,-0.54286382,0.420723543,0.287237666,-0.079848997,1.081254184,-1.791323004,-0.022701587,1.440417334,-0.363701226,0.910081511
1.402402413,1.364857352,0.412385851,1.411381555,1.364857352,0.218962905,0.304172602,0.271297378,0.716561183,0.179285363,2.131197832,0.219823276,0.637061048
1.302269385,1.65259177,-0.657805862,-1.152457199,1.65259177,0.033698005,-0.227121639,0.074896116,-0.820297815,0.352495474,-0.675092055,0.038315575,0.213268412
1.049048626,-0.084475658,-0.228221059,-0.810479706,-0.084475658,-0.054091778,-0.167505119,-0.091596159,-1.223631986,-0.466985564,0.803961495,-0.167925494,-0.189302044
